id;titre_fr;titre_en;titre_ger;titre_sw;sous_titre_fr;sous_titre_en;sous_titre_ger;sous_titre_sw;image;image_content_type
1;Falls;Bedfordshire;website collaborative neutral;Unbranded Sausages Bedfordshire;vortals;composite Costa Rican Colon Awesome;withdrawal;programming viral Steel;../fake-data/blob/hipster.png;image/png
2;incremental transmitter;Iowa;orchestrate challenge COM;connecting Industrial;Vermont JSON;Soft;invoice parse visionary;Kyat program Gloves;../fake-data/blob/hipster.png;image/png
3;bypassing Libyan Arab Jamahiriya backing up;withdrawal;Iowa;microchip;interface Program;Usability wireless;Lead orchid Walk;Springs Fresh;../fake-data/blob/hipster.png;image/png
4;SCSI;Forward;invoice implementation;seamless;Berkshire;Plastic Small Accountability;Money Market Account;Home Loan Account Product;../fake-data/blob/hipster.png;image/png
5;Dynamic;Garden;system engine Canada;Assistant Upgradable;platforms Spur;Lebanon West Virginia Refined Concrete Keyboard;Stravenue;Keyboard Lead;../fake-data/blob/hipster.png;image/png
6;Checking Account Gloves Roads;indexing;Global Bedfordshire Hawaii;teal Home Loan Account Convertible Marks;Handcrafted Handmade Phased;back-end;Timor-Leste Boliviano Mvdol Israel;index Buckinghamshire;../fake-data/blob/hipster.png;image/png
7;convergence hierarchy Hat;front-end hack Realigned;magenta programming;Israel Solutions;Skyway;index;Mountain;indigo;../fake-data/blob/hipster.png;image/png
8;generating;Indian Rupee Grocery;Ergonomic Handmade;auxiliary Granite Iceland Krona;Refined Bridge hard drive;secured line;Generic dot-com;Tasty Concrete Gloves;../fake-data/blob/hipster.png;image/png
9;Shoes orchid Architect;Ergonomic Director;COM alliance;Fresh logistical Plastic;Generic Steel Bacon Versatile;internet solution;Netherlands New Jersey;Kids;../fake-data/blob/hipster.png;image/png
10;Computers Future Bacon;optical Credit Card Account SMTP;Executive;Bedfordshire reinvent;Ball;Baht Face to face;hacking Toys;Face to face Unbranded;../fake-data/blob/hipster.png;image/png
