id;titre_fr;titre_en;titre_ger;titre_sw;sous_titre_fr;sous_titre_en;sous_titre_ger;sous_titre_sw;titre_slide_1_fr;titre_slide_1_en;titre_slide_1_ger;titre_slide_1_sw;titre_slide_2_fr;titre_slide_2_en;titre_slide_2_ger;titre_slide_2_sw;titre_slide_3_fr;titre_slide_3_en;titre_slide_3_ger;titre_slide_3_sw;titre_slide_4_fr;titre_slide_4_en;titre_slide_4_ger;titre_slide_4_sw;titre_slide_5_fr;titre_slide_5_en;titre_slide_5_ger;titre_slide_5_sw;titre_slide_6_fr;titre_slide_6_en;titre_slide_6_ger;titre_slide_6_sw;titre_slide_7_fr;titre_slide_7_en;titre_slide_7_ger;titre_slide_7_sw;titre_slide_8_fr;titre_slide_8_en;titre_slide_8_ger;titre_slide_8_sw;titre_slide_9_fr;titre_slide_9_en;titre_slide_9_ger;titre_slide_9_sw;titre_slide_1_o_fr;titre_slide_1_o_en;titre_slide_1_o_ger;titre_slide_1_o_sw;text_slide_1_fr;text_slide_1_en;text_slide_1_ger;text_slide_1_sw;text_slide_2_fr;text_slide_2_en;text_slide_2_ger;text_slide_2_sw;text_slide_3_fr;text_slide_3_en;text_slide_3_ger;text_slide_3_sw;text_slide_4_fr;text_slide_4_en;text_slide_4_ger;text_slide_4_sw;text_slide_5_fr;text_slide_5_en;text_slide_5_ger;text_slide_5_sw;text_slide_6_fr;text_slide_6_en;text_slide_6_ger;text_slide_6_sw;text_slide_7_fr;text_slide_7_en;text_slide_7_ger;text_slide_7_sw;text_slide_8_fr;text_slide_8_en;text_slide_8_ger;text_slide_8_sw;text_slide_9_fr;text_slide_9_en;text_slide_9_ger;text_slide_9_sw;text_slide_10_fr;text_slide_10_en;text_slide_10_ger;text_slide_10_sw;image_slide_1;image_slide_1_content_type;image_slide_2;image_slide_2_content_type;image_slide_3;image_slide_3_content_type;image_slide_4;image_slide_4_content_type;image_slide_5;image_slide_5_content_type;image_slide_6;image_slide_6_content_type;image_slide_7;image_slide_7_content_type;image_slide_8;image_slide_8_content_type;image_slide_9;image_slide_9_content_type;image_slide_10;image_slide_10_content_type;read_more_1;read_more_2;read_more_3;read_more_4;read_more_5;read_more_6;read_more_7;read_more_8;read_more_9;read_more_10;date_1;date_2;date_3;date_4;date_5;date_6;date_7;date_8;date_9;date_10
1;open-source;Ball Clothing Clothing;deposit;Response;Mission engage;Personal Loan Account XSS;bypass Inlet;Bedfordshire Intranet invoice;indexing;Intelligent Metal Mouse regional;impactful heuristic;plug-and-play transform reboot;Hat;Towels real-time;Metal Profit-focused;Administrator Bedfordshire Cambridgeshire;Small Rubber Shirt Administrator;back-end;Illinois pink Mouse;portals Facilitator;Credit Card Account black Developer;teal vortals;New Zealand Dollar;ADP;Tasty Metal Soap;Home Loan Account Soft;deploy;pricing structure;Concrete synthesize;XSS;invoice;channels Multi-layered;Auto Loan Account vertical feed;withdrawal online;Global fuchsia;salmon throughput Concrete;Implemented;virtual;generate Rustic;driver backing up Personal Loan Account;Brunei Dollar copying;Industrial Chips Alley;knowledge user;invoice Web upward-trending;Czech Republic Integration Macao;virtual;Creative Rubber;bypassing;bypassing envisioneer;Pike;Italy iterate Movies;Tuna;Saint Helena Hong Kong Dollar;Legacy;Sports Handcrafted Rubber Shirt Streamlined;New York array Coordinator;Berkshire revolutionary;online XML Operative;Court Indian Rupee Ngultrum;Agent Books unleash;artificial intelligence connecting;Arkansas Gambia microchip;Integration Right-sized;South Georgia and the South Sandwich Islands;grid-enabled Jewelery Awesome;Intelligent Soft Shoes Junction;Shoes;Concrete multi-state;Health matrix Chicken;Sports primary;driver blue Passage;Yemen Borders;copying Customer quantify;copy Islands RSS;index;Steel challenge;withdrawal salmon Regional;synthesizing Computer;Bike;Rustic;payment Mauritius Rupee Specialist;Shore Rubber invoice;Madagascar;1080p;Ergonomic;cross-platform hybrid;Cotton;neural-net;../fake-data/blob/hipster.png;image/png;../fake-data/blob/hipster.png;image/png;../fake-data/blob/hipster.png;image/png;../fake-data/blob/hipster.png;image/png;../fake-data/blob/hipster.png;image/png;../fake-data/blob/hipster.png;image/png;../fake-data/blob/hipster.png;image/png;../fake-data/blob/hipster.png;image/png;../fake-data/blob/hipster.png;image/png;../fake-data/blob/hipster.png;image/png;Product North Carolina application;Ergonomic;Sports Regional portals;Aruban Guilder systematic;Haven quantifying;Ball;Research;system index Andorra;e-services Virginia;bandwidth payment system engine;Steel Home Loan Account;port indexing;Direct;Beauty;compressing wireless;bandwidth Checking Account;networks;haptic;orange;Automotive RAM withdrawal
2;Hill 24/7 Point;withdrawal Lek RAM;Liaison Shoes;Face to face;Architect Games;killer Steel primary;Gibraltar Pound;database withdrawal;Dynamic;Group;capability Self-enabling teal;Illinois;Facilitator digital;Granite;Brunei Dollar calculating;Analyst;Lodge optical recontextualize;mobile Licensed;channels Usability;parsing Junctions;back up;Coordinator Bike Credit Card Account;leverage hacking;FTP deposit indigo;Uganda;deliverables dynamic seamless;United Kingdom cyan;Product;Pants Djibouti;Road teal;plum;TCP withdrawal;Credit Card Account Fantastic;Regional;Internal transition USB;benchmark Tools Handcrafted Wooden Soap;Lead;Fish back-end Central;input Checking Account Fantastic Metal Soap;Home;Identity;Bedfordshire;Practical Soft Soap Albania Customer-focused;Internal payment 24 hour;1080p;Salad payment;Outdoors Orchestrator;Intranet;Gorgeous deposit;sensor;Licensed;Egypt withdrawal;Rustic Georgia Stream;PCI withdrawal Riel;orchid enable International;Corporate Central Chief;Borders;Buckinghamshire Kids;Credit Card Account;Berkshire Designer;web-readiness;Hat capability Refined;generate;International definition;navigate;National;Botswana invoice Texas;cultivate relationships;cross-platform supply-chains Handcrafted;Sharable card;Licensed Research;Customizable;Fantastic Associate;Summit;throughput grey Stream;engage Gloves;Forge Overpass calculating;real-time Operative;impactful Hat Investment Account;Bedfordshire superstructure;deposit;support;Compatible Connecticut lime;invoice programming;Handcrafted Plastic Bike Producer;Concrete;Virgin Islands, British vortals;withdrawal Berkshire deposit;../fake-data/blob/hipster.png;image/png;../fake-data/blob/hipster.png;image/png;../fake-data/blob/hipster.png;image/png;../fake-data/blob/hipster.png;image/png;../fake-data/blob/hipster.png;image/png;../fake-data/blob/hipster.png;image/png;../fake-data/blob/hipster.png;image/png;../fake-data/blob/hipster.png;image/png;../fake-data/blob/hipster.png;image/png;../fake-data/blob/hipster.png;image/png;Nebraska;CFA Franc BCEAO;Alabama sticky Object-based;monitor withdrawal;input strategize index;Cheese iterate withdrawal;Steel;sensor;Pennsylvania;Ports Florida payment;Germany green Developer;Liberian Dollar XML;ivory;navigate;Accounts Heights maximize;Chips;background navigate;Enterprise-wide;salmon monitor Tasty Soft Bacon;Lesotho
3;deposit;navigating technologies instruction set;RSS;Incredible Concrete Bacon transmit;Barbados Dollar implement Faroe Islands;best-of-breed Principal;withdrawal;integrate Investor web-readiness;deposit Oklahoma;Kids innovate compressing;extend Somali Shilling;Health;virtual Borders;payment magenta;Forward intangible indexing;cross-media Sleek Granite Tuna;Monitored e-enable;national Specialist;Investment Account Strategist;Hat programming Pants;GB Kenyan Shilling;vortals port online;Tasty Frozen Cheese Ergonomic Ameliorated;compress Tonga Wooden;digital Credit Card Account Concrete;Table Architect interface;Toys Accountability program;Gorgeous Frozen Keyboard;Tasty Granite Keyboard enhance;technologies;Soft;harness Markets;Fork Organic;superstructure;Mandatory;National Bedfordshire AI;Quality Fresh;Licensed Ergonomic Exclusive;upward-trending Philippines;Coordinator;Borders Credit Card Account parallelism;generate turquoise;back-end Pitcairn Islands;Borders Usability Refined;payment;Keyboard;Music paradigms Group;Architect multi-byte Awesome;markets;Mountains deposit;auxiliary Assistant index;Granite;Investor Personal Loan Account Incredible Steel Table;microchip Small Fresh Computer;index Saint Kitts and Nevis;schemas Salad;Quality deliverables;Ball Metal capacity;reboot;Buckinghamshire morph programming;Fresh Intranet;Savings Account;Functionality;online;District Architect Myanmar;Liaison Officer wireless;Bedfordshire Grass-roots;FTP Regional SDR;policy Architect;invoice;Bedfordshire;Cliff;Buckinghamshire Triple-buffered;mobile Generic;Brazil;Fish magenta;deposit enterprise Saint Vincent and the Grenadines;open-source AGP;alarm Mouse Cayman Islands Dollar;Salad;invoice;success Senior;Auto Loan Account deposit maximize;Extension morph;capacitor archive;neural-net;Ergonomic Integration;Ergonomic Fresh Cheese Borders input;../fake-data/blob/hipster.png;image/png;../fake-data/blob/hipster.png;image/png;../fake-data/blob/hipster.png;image/png;../fake-data/blob/hipster.png;image/png;../fake-data/blob/hipster.png;image/png;../fake-data/blob/hipster.png;image/png;../fake-data/blob/hipster.png;image/png;../fake-data/blob/hipster.png;image/png;../fake-data/blob/hipster.png;image/png;../fake-data/blob/hipster.png;image/png;neural-net;disintermediate;RSS;withdrawal value-added Triple-buffered;Shirt;Automotive synthesize;Plastic PNG;recontextualize best-of-breed Pants;Personal Loan Account Personal Loan Account;Investment Account calculate European Unit of Account 17(E.U.A.-17);European Monetary Unit (E.M.U.-6);brand indigo;payment;panel synergize rich;programming Computer;Metical invoice Corporate;generating;Wooden;bandwidth viral;Buckinghamshire open-source Home Loan Account
4;Pike Specialist;Dam efficient;Checking Account;Practical;Architect Small;Practical Rubber Towels New York program;parsing;empower Ukraine;maximize synergistic;Strategist;users matrix Fish;Avon;pricing structure Metal Metrics;navigate;Fresh architectures matrix;reinvent Electronics;reboot;Computers bandwidth West Virginia;programming;IB compressing;cyan;navigate Investment Account productize;Ports Personal Loan Account;embrace calculating;Berkshire Iowa;Plastic Planner Soft;invoice;fault-tolerant navigating Unbranded Fresh Gloves;SMS Solutions;Gibraltar invoice;GB red;zero defect Incredible Phased;Shoes;Public-key;West Virginia Planner bus;connecting;applications;Cayman Islands Administrator cultivate;integrate Checking Account;Panama Isle;methodical back-end;navigate overriding Computer;protocol red Toys;Credit Card Account monetize auxiliary;Washington Licensed Cotton Keyboard Fantastic Steel Soap;Executive bypass;Licensed Granite Sausages Bedfordshire;Grocery Wooden Practical;firewall Industrial;copying program innovate;Saint Pierre and Miquelon Arkansas overriding;Grocery Borders;Bedfordshire Money Market Account Down-sized;feed;implement scale;Wisconsin;hack Convertible Marks Markets;compressing Place utilisation;calculate digital;enterprise;generate;navigating;reintermediate;Books payment;backing up Auto Loan Account Small;rich invoice Kazakhstan;Handcrafted Granite Towels zero administration;Analyst;compressing;Codes specifically reserved for testing purposes;transmitting schemas bluetooth;systemic Regional back-end;North Carolina East Caribbean Dollar Path;HDD Auto Loan Account bandwidth;deposit;Democratic People's Republic of Korea;Pants;Sudanese Pound;relationships;fault-tolerant Cordoba Oro payment;Research Incredible;Global;strategic;withdrawal Incredible Cotton Salad programming;Rubber Congo Intelligent Cotton Soap;New Mexico Fantastic Cotton Tuna;Games;multi-byte envisioneer Berkshire;../fake-data/blob/hipster.png;image/png;../fake-data/blob/hipster.png;image/png;../fake-data/blob/hipster.png;image/png;../fake-data/blob/hipster.png;image/png;../fake-data/blob/hipster.png;image/png;../fake-data/blob/hipster.png;image/png;../fake-data/blob/hipster.png;image/png;../fake-data/blob/hipster.png;image/png;../fake-data/blob/hipster.png;image/png;../fake-data/blob/hipster.png;image/png;strategic indexing;synthesize Markets;generating primary;Pitcairn Islands benchmark;Developer;programming Refined Granite Cheese;Aruban Guilder;Borders Handmade Cotton Sausages Pants;National Bedfordshire;Steel Savings Account Pennsylvania;transform Nakfa compressing;Diverse Tools tangible;Rustic Concrete Sausages;Streamlined calculating Tasty;Car Steel solid state;Lead Small copy;interface Mobility;target;silver;Direct
5;Investment Account payment;optimize primary Triple-buffered;Incredible Fresh Shirt;deliver virtual;applications;Analyst knowledge user;reintermediate incubate Synchronised;Monitored Centers web-readiness;deposit Ergonomic Soft;Multi-tiered morph;Synergized Cotton;Bedfordshire Ergonomic Granite Fish;California;web-enabled Branding;Street e-services;South Dakota Bedfordshire;Saint Lucia;platforms TCP deposit;architect payment;partnerships Soft French Guiana;architecture Representative;Home Loan Account plum Incredible;Awesome bluetooth;Hungary;Square Checking Account Quality;magenta;matrix Automated Planner;collaborative Wyoming Plastic;neural-net;Human;Licensed Fresh Gloves;Small;matrix Plastic Missouri;CFP Franc;clear-thinking;white;convergence;deposit;systemic Tasty Soft Bike;Mauritius;Savings Account feed optimizing;firewall transmitter;open architecture Handcrafted Plastic Bike Buckinghamshire;RAM;Minnesota orchid;San Marino Tennessee;Accounts;encoding Delaware Metal;Internal Bacon;Handmade Visionary;reciprocal Loop Directives;New Hampshire Faroe Islands navigate;Fantastic Frozen Computer;middleware program;TCP SQL;Wyoming;AGP;teal SMS;back up;Auto Loan Account target;infrastructures Applications enable;Shirt needs-based National;Practical Wooden Hat Berkshire;Direct Alaska Communications;paradigm;Brazilian Real real-time contingency;panel withdrawal;Ergonomic Wooden Pants Passage Ball;Borders Liechtenstein Shoes;Avon Texas;program Borders Clothing;invoice background Philippines;Quality-focused HDD online;Bacon Iceland Krona;quantify;productize platforms hacking;payment Money Market Account;reboot;Hawaii Gorgeous;turquoise;payment Money Market Account Buckinghamshire;Lithuanian Litas input tan;magnetic Total;invoice syndicate;Berkshire Organized;Avon Dominican Peso Implementation;Serbian Dinar Guinea-Bissau salmon;synthesize;../fake-data/blob/hipster.png;image/png;../fake-data/blob/hipster.png;image/png;../fake-data/blob/hipster.png;image/png;../fake-data/blob/hipster.png;image/png;../fake-data/blob/hipster.png;image/png;../fake-data/blob/hipster.png;image/png;../fake-data/blob/hipster.png;image/png;../fake-data/blob/hipster.png;image/png;../fake-data/blob/hipster.png;image/png;../fake-data/blob/hipster.png;image/png;feed Beauty;calculating;synergy Associate violet;e-business;migration View;Interactions Face to face Human;FTP;Ridge;Louisiana Administrator compressing;Codes specifically reserved for testing purposes;bandwidth-monitored Washington;payment Credit Card Account;national;driver;invoice IB bypass;Concrete back up Analyst;Tunisia;Iowa viral reinvent;Frozen;Personal Loan Account architecture optical
6;users;Brooks;Stravenue South Africa utilisation;convergence Interactions;Cotton;Ergonomic Fresh Sausages;calculate Credit Card Account;Checking Account;Incredible Plastic Towels Corporate Pants;Awesome Plastic Chicken Mississippi Berkshire;solutions Avon Sports;Dynamic deliver European Unit of Account 17(E.U.A.-17);bus;Cotton bypassing Squares;deposit Secured;Granite Solutions Cambridgeshire;hack;South Dakota Tactics utilize;bottom-line North Carolina open system;tangible;Cheese bus;Intelligent facilitate;Reverse-engineered;Agent Operations extensible;Assurance;magenta Lead;Intranet synthesize engage;Enhanced Hat grey;Assistant;Republic of Korea Senior;Manager bypassing Arizona;deposit Customer;paradigms Steel hard drive;white mobile wireless;Oval compressing Bike;port PCI;Clothing Slovenia;Haiti orange;transmitting Architect Organized;Multi-tiered cyan;Awesome Licensed Frozen Table;Cambridgeshire optimize Analyst;override;1080p integrate best-of-breed;Indiana hack;integrate Incredible Rubber Cheese;emulation solution Berkshire;Internal;1080p;e-services Checking Account;Metal Codes specifically reserved for testing purposes Berkshire;Decentralized Courts;Producer orange Computers;connect CSS;challenge;Spurs incentivize niches;Small attitude-oriented;Personal Loan Account protocol;withdrawal;bus logistical Rand Namibia Dollar;Supervisor Moldovan Leu Consultant;Plastic;Avon;Salad Metal haptic;standardization incubate;Arizona;Metrics magenta;lime;ivory;Table;communities;efficient Extensions;Senegal navigating;object-oriented killer azure;Practical quantifying Iowa;Handcrafted optical core;Representative transparent;Georgia Security holistic;projection;fuchsia;Berkshire Pre-emptive;capacity Assistant interactive;Soft archive;global;interfaces solutions Refined;eyeballs synergize;bus Kids Administrator;New Jersey;../fake-data/blob/hipster.png;image/png;../fake-data/blob/hipster.png;image/png;../fake-data/blob/hipster.png;image/png;../fake-data/blob/hipster.png;image/png;../fake-data/blob/hipster.png;image/png;../fake-data/blob/hipster.png;image/png;../fake-data/blob/hipster.png;image/png;../fake-data/blob/hipster.png;image/png;../fake-data/blob/hipster.png;image/png;../fake-data/blob/hipster.png;image/png;discrete;Program deposit protocol;Sleek;wireless Wisconsin connect;generating synergistic bypass;Pike Dam;program system software;Markets Auto Loan Account Money Market Account;Designer collaborative benchmark;Right-sized Money Market Account Cambridgeshire;optimize;Beauty;Keyboard;TCP Savings Account digital;online;Assistant generate Liberia;programming Global;mindshare Bedfordshire productize;SDD orchid Run;withdrawal
7;Berkshire Investment Account;RSS Investment Account;Industrial system;Bedfordshire;Berkshire Identity;multi-byte challenge;Money Market Account Hat;Exclusive circuit grey;radical Small Cotton Cheese object-oriented;models;alarm reciprocal Norwegian Krone;panel International Administrator;Thailand Ethiopia;synthesizing;purple;pink Yen Accounts;1080p deposit;Ohio Alaska;supply-chains Cambridgeshire Computers;Avon Practical Plastic Hat open architecture;viral generating hacking;Idaho Response Sleek;sky blue;proactive Vista;synthesizing;Steel Reduced;Granite invoice scalable;bandwidth incentivize calculate;generate Incredible Steel Hat Persevering;Operations Chicken;online neural-net Bedfordshire;Belarussian Ruble budgetary management;Assistant Unbranded Soft Mouse compressing;Ohio Associate;Phased Metal e-services;Investment Account parse generate;initiatives full-range Ball;copying;Switzerland olive;Grove;COM;connect;pink bluetooth;Electronics Practical SMTP;Gorgeous Steel Soap Program;program Computers generate;microchip;Nepalese Rupee;Handcrafted Plastic Salad Indian Rupee Ngultrum;Reduced Fantastic Soft Car migration;Practical Public-key Shoes;Computers;Direct Home Loan Account;client-driven throughput back up;Music;non-volatile Saudi Arabia partnerships;Granite;West Virginia infrastructures deposit;Small Plastic Shirt Hawaii envisioneer;District Movies;Supervisor;Cambridgeshire Internal;maroon;Ergonomic Rubber Pants;Usability Bedfordshire Investment Account;architect;mobile compelling Junction;RSS;leverage deposit budgetary management;Plastic Distributed;Producer Rhode Island;Agent;Representative Handcrafted Metal Pizza;wireless Developer reboot;Toys Lempira ROI;syndicate program;Credit Card Account Soft Creative;JSON;Avon;definition North Dakota port;Supervisor Switchable digital;bus Configuration;Granite;Court index;invoice;SAS connect Business-focused;Lead embrace;firewall connect benchmark;../fake-data/blob/hipster.png;image/png;../fake-data/blob/hipster.png;image/png;../fake-data/blob/hipster.png;image/png;../fake-data/blob/hipster.png;image/png;../fake-data/blob/hipster.png;image/png;../fake-data/blob/hipster.png;image/png;../fake-data/blob/hipster.png;image/png;../fake-data/blob/hipster.png;image/png;../fake-data/blob/hipster.png;image/png;../fake-data/blob/hipster.png;image/png;Specialist;markets;non-volatile pixel;Frozen XML circuit;red Principal Liaison;hack clicks-and-mortar;recontextualize;invoice pixel;cross-platform background;orchestration;Personal Loan Account;white USB;Cambridgeshire Tools;North Carolina Israel Refined Concrete Hat;Cambridgeshire seize;Grocery;New Mexico Avon;markets;Grocery Global;Plastic Investment Account
8;holistic overriding;deposit California;Junction;Liaison Planner;project;Games Right-sized;GB systems Handmade;Sports;Tactics Cheese killer;back-end Netherlands Antilles;bandwidth non-volatile Rustic Frozen Fish;navigate Home Loan Account Awesome Soft Fish;Customizable Corporate;Buckinghamshire;orange interface Assistant;Metal;Cambridgeshire override;Identity Connecticut;Checking Account;input Orchard;Product Secured;Turkmenistan;invoice;Grocery Refined;conglomeration distributed;Administrator matrix Handmade Granite Pants;Clothing Sleek Plastic Chicken Antarctica (the territory South of 60 deg S);JBOD haptic PNG;synthesize mindshare Agent;Human secured line Savings Account;payment Up-sized;Handmade Concrete Pizza Money Market Account;Organic;Computer Handmade Tasty;open-source Orchestrator;object-oriented Applications;Chicken;Cambridgeshire Ergonomic;Czech Republic Architect;Regional;THX harness;back-end Facilitator Re-contextualized;Lempira Cambridgeshire;Personal Loan Account Intelligent Metal Keyboard;Borders;Dynamic;back-end;Optimized;Louisiana Borders;overriding contingency Jordanian Dinar;Alaska wireless cultivate;aggregate Squares e-commerce;open-source transparent Handmade Rubber Tuna;virtual Small mint green;Tuna clear-thinking Rubber;supply-chains Tools;mindshare empowering;black;connect Ergonomic Steel Computer;Tasty Small Fresh Mouse;Expanded;application Washington;Intelligent Avon value-added;firewall Rhode Island;Profound Ferry Florida;Connecticut Metal Democratic People's Republic of Korea;Generic Fresh Soap Clothing;Pants input intangible;SMS Intelligent Fresh Chair;payment Metal;Cambridgeshire;leverage;Borders core Inlet;enable dot-com;motivating access Niue;green Fresh target;bypass;Auto Loan Account;online backing up infrastructures;capability Technician;Nevada back-end;Algerian Dinar Pizza;quantify;throughput International;Canadian Dollar Bedfordshire;panel Alaska;Computer Licensed Wooden Soap;productivity web-enabled;../fake-data/blob/hipster.png;image/png;../fake-data/blob/hipster.png;image/png;../fake-data/blob/hipster.png;image/png;../fake-data/blob/hipster.png;image/png;../fake-data/blob/hipster.png;image/png;../fake-data/blob/hipster.png;image/png;../fake-data/blob/hipster.png;image/png;../fake-data/blob/hipster.png;image/png;../fake-data/blob/hipster.png;image/png;../fake-data/blob/hipster.png;image/png;digital niches;deposit Walk;Croatia;azure evolve input;silver pixel Infrastructure;Salad;Honduras;deposit Home Loan Account;monitor Buckinghamshire;Ergonomic;compressing Generic Rubber Salad;reinvent;payment;Global;Montana Avon;Optimized Malawi;Chief Pula;yellow;microchip Dobra;payment array
9;Awesome Credit Card Account;Cambridgeshire;channels firewall orange;firewall;web services Hungary Intelligent;interface Argentine Peso;District innovative Cambridgeshire;foreground architecture Home;directional;Shoes Credit Card Account;Plastic multi-byte Borders;Accountability Soft copying;reciprocal digital monitor;optical;Investment Account payment Tunnel;synthesize Chad;ivory schemas Dam;leverage;SQL;port;Berkshire;calculating Extensions;value-added South Carolina;service-desk incubate neural;protocol connect collaboration;Uganda;Brazil Down-sized Investor;Vermont Research;Gloves actuating THX;enhance Rwanda Franc;Lithuania best-of-breed Circle;implement withdrawal;yellow mobile Tasty;Auto Loan Account Borders Point;quantify parse;Meadows;Orchestrator IB Lithuania;dynamic;Rwanda Franc;Central feed;bypass;Court Shirt;redundant Metrics;Lead Cambridgeshire CSS;Applications challenge;XSS Metal;circuit Coordinator;Savings Account;time-frame;Home Loan Account;Parkway orchid input;Station;Synergized Assurance;Islands parse withdrawal;Zambia Clothing;Credit Card Account;FTP neural;deposit;access Serbia Rustic Granite Pizza;homogeneous Handcrafted Group;Saint Helena Pound Quetzal alarm;Granite red Function-based;Music Manager deposit;Research Granite;revolutionary withdrawal;Ergonomic circuit payment;ubiquitous redefine;Aruban Guilder copy integrated;Multi-lateral New York;ADP ivory olive;Multi-layered;Wooden;generating;Netherlands Antilles;programming THX International;New Caledonia;overriding;Usability Refined Cotton Chips plug-and-play;Technician Danish Krone responsive;Cambridgeshire;Light Awesome Rubber Bacon interactive;Cotton Investor Handmade;multi-byte;Central Money Market Account evolve;bandwidth;Aruba Beauty;Junctions Human;Representative solution-oriented;../fake-data/blob/hipster.png;image/png;../fake-data/blob/hipster.png;image/png;../fake-data/blob/hipster.png;image/png;../fake-data/blob/hipster.png;image/png;../fake-data/blob/hipster.png;image/png;../fake-data/blob/hipster.png;image/png;../fake-data/blob/hipster.png;image/png;../fake-data/blob/hipster.png;image/png;../fake-data/blob/hipster.png;image/png;../fake-data/blob/hipster.png;image/png;Peso Uruguayo Uruguay Peso en Unidades Indexadas ivory compelling;workforce programming;models 24/365;Bermudian Dollar (customarily known as Bermuda Dollar);Awesome Optimized flexibility;South Dakota;24/7;generating Saint Barthelemy Mill;bypass;Sudan interactive Operations;Visionary;Health object-oriented;payment;maximize yellow;Home Loan Account mindshare Outdoors;San Marino ROI Computer;Soap payment;payment paradigm;Tasty Rubber Tuna Avon;Kenya Savings Account
10;Open-source;Orchestrator wireless;override Alabama Forest;Summit User-centric;Germany deposit;Architect Dalasi moratorium;Congo Bolivia Congolese Franc;empower bus;Personal Loan Account Virtual;algorithm back up Ball;Refined frictionless Shirt;Global;back-end program;innovative Horizontal lavender;quantify Borders;Dynamic Refined service-desk;Connecticut Berkshire interface;Gorgeous Metal Ball;neural Nakfa;Solutions bricks-and-clicks Manager;Illinois;Product Chief;Extended Brunei Darussalam Steel;Cambridgeshire;Idaho leading-edge end-to-end;evolve solid state;info-mediaries proactive;invoice Bacon;Multi-channelled Intelligent;Pants;Uganda Shilling Saudi Riyal;Home Loan Account;exploit Philippines data-warehouse;Oval migration;invoice even-keeled Nevada;Rustic Fantastic Soft Keyboard Avon;Money Market Account Salad;Strategist;generating Dynamic Norway;Director;enterprise multi-byte;generate Avon deposit;rich Gloves;system;Awesome calculate deposit;transmit primary;Ball Developer;Kids Azerbaijanian Manat hardware;moratorium;orchestrate empower;SDD circuit Zimbabwe;contingency monitor;Savings Account encryption;Orchestrator value-added;bypass;Technician channels lime;orchid Future Baby;Human Assimilated UAE Dirham;payment matrix Home Loan Account;HTTP neural;Concrete;Rustic New Mexico;Intelligent reboot Analyst;transmit Markets;customized;Specialist;scalable;morph Granite;Checking Account grow;engineer Steel;Singapore Dollar;encoding Guyana Dollar Grass-roots;Polarised Movies;transmit Music synthesize;Exclusive;Senior Practical;bandwidth Vietnam;Practical Cotton Chair;optical GB;Illinois online;Utah product;Drive models;override;forecast Personal Loan Account Savings Account;foreground analyzing concept;SMTP infomediaries Lithuania;Enhanced Movies calculating;Soft Borders Refined Concrete Shirt;../fake-data/blob/hipster.png;image/png;../fake-data/blob/hipster.png;image/png;../fake-data/blob/hipster.png;image/png;../fake-data/blob/hipster.png;image/png;../fake-data/blob/hipster.png;image/png;../fake-data/blob/hipster.png;image/png;../fake-data/blob/hipster.png;image/png;../fake-data/blob/hipster.png;image/png;../fake-data/blob/hipster.png;image/png;../fake-data/blob/hipster.png;image/png;Cambridgeshire Wooden Mouse;Bacon data-warehouse;Cyprus;Guarani;Salad focus group XSS;Senior Savings Account Somalia;British Indian Ocean Territory (Chagos Archipelago);indexing deposit calculate;Frozen Front-line;Path;Pula fuchsia synthesize;Rubber;Cambridgeshire;lime;Solutions;Wisconsin Wooden cultivate;Station Research;olive scale;Grocery Drive TCP;Customer redundant lavender
