id;titre_fr;titre_en;titre_ger;titre_sw;sou_titre_fr;sou_titre_en;sou_titre_ger;sou_titre_sw;nom_1;nom_2;nom_3;nom_4;nom_5;nom_6;nom_7;nom_8;prenom_1;prenom_2;prenom_3;prenom_4;prenom_5;prenom_6;prenom_7;prenom_8;qualite_1;qualite_2;qualite_3;qualite_4;qualite_5;qualite_6;qualite_7;qualite_8;image_1;image_1_content_type;image_2;image_2_content_type;image_3;image_3_content_type;image_4;image_4_content_type;image_5;image_5_content_type;image_6;image_6_content_type;image_7;image_7_content_type;image_8;image_8_content_type
1;proactive synthesize;Engineer withdrawal;Papua New Guinea generate Algerian Dinar;payment system engine View;Coordinator;Human Ball web services;Versatile auxiliary Ergonomic;zero tolerance;France;wireless quantifying;Identity Security cross-media;Accountability Rubber;Small Concrete;Customer quantifying;Internal incubate Grocery;Associate conglomeration Pizza;Home Loan Account Rustic Plastic Chicken Analyst;Books;Chips;Chicken;connecting;Unbranded leverage invoice;Credit Card Account;Idaho Licensed;heuristic Checking Account US Dollar;Branding Towels;architect pixel;installation interface content;solid state;intermediate online parsing;Sports copy;invoice;../fake-data/blob/hipster.png;image/png;../fake-data/blob/hipster.png;image/png;../fake-data/blob/hipster.png;image/png;../fake-data/blob/hipster.png;image/png;../fake-data/blob/hipster.png;image/png;../fake-data/blob/hipster.png;image/png;../fake-data/blob/hipster.png;image/png;../fake-data/blob/hipster.png;image/png
2;Supervisor;Marketing Brand;frame Handcrafted Internal;Program navigating;Moroccan Dirham Applications;Cotton multi-byte;optical;Bedfordshire;Fantastic;Technician black;neural lime;back-end deposit Central African Republic;cross-platform;Avon;North Carolina invoice supply-chains;cross-platform;IB Assurance Sleek Rubber Chair;Sleek Fresh Gloves bandwidth;bypassing deposit;THX;parse Optimized Technician;access RAM;lime;connect;Dalasi Designer;RSS stable;Baby;Customizable digital;overriding;Bolivar Fuerte West Virginia;Auto Loan Account Home Loan Account;cross-platform;../fake-data/blob/hipster.png;image/png;../fake-data/blob/hipster.png;image/png;../fake-data/blob/hipster.png;image/png;../fake-data/blob/hipster.png;image/png;../fake-data/blob/hipster.png;image/png;../fake-data/blob/hipster.png;image/png;../fake-data/blob/hipster.png;image/png;../fake-data/blob/hipster.png;image/png
3;technologies Massachusetts;Persistent Prairie;Ball compressing Savings Account;cross-platform Grocery;installation Yen;Cambridgeshire seize;Practical Plastic Towels PCI;purple Thailand Rue;Integration Car;recontextualize International;zero defect Hat Home;quantify;tan parsing dynamic;National Handmade Metal Chips;Program TCP Locks;PCI;cross-platform Steel;Personal Loan Account backing up Plastic;Anguilla;Assistant Panama Wooden;Steel;system Soap;Credit Card Account Borders;deposit Fields Cambridgeshire;XSS Equatorial Guinea deposit;synthesizing Executive;Gorgeous;info-mediaries Computers back up;XSS Auto Loan Account;quantify JSON;Persistent Canyon clicks-and-mortar;e-business;../fake-data/blob/hipster.png;image/png;../fake-data/blob/hipster.png;image/png;../fake-data/blob/hipster.png;image/png;../fake-data/blob/hipster.png;image/png;../fake-data/blob/hipster.png;image/png;../fake-data/blob/hipster.png;image/png;../fake-data/blob/hipster.png;image/png;../fake-data/blob/hipster.png;image/png
4;Representative purple Incredible;indigo Berkshire Senior;Assurance;alarm deposit;contingency driver;Avon programming;Jamaican Dollar;Movies payment;Internal Iceland Krona;Ridge;Business-focused;Generic;Buckinghamshire;Baby;parse;plug-and-play;ADP;mobile deposit black;challenge schemas Incredible Wooden Chair;granular Intelligent orange;Small navigating Technician;bypass proactive;Fully-configurable Practical;Nebraska reinvent connect;Quality;hub;Money Market Account;users haptic digital;communities quantify Yemeni Rial;circuit Gorgeous Wooden Mouse clicks-and-mortar;metrics Auto Loan Account next-generation;navigating Cotton Rubber;../fake-data/blob/hipster.png;image/png;../fake-data/blob/hipster.png;image/png;../fake-data/blob/hipster.png;image/png;../fake-data/blob/hipster.png;image/png;../fake-data/blob/hipster.png;image/png;../fake-data/blob/hipster.png;image/png;../fake-data/blob/hipster.png;image/png;../fake-data/blob/hipster.png;image/png
5;navigate bottom-line;Operations;microchip;holistic;Fish;Sleek Concrete Chips Crest Distributed;Nebraska ivory South Dakota;Licensed Connecticut;Incredible Frozen Table;Cambridgeshire;Kids enable;distributed compelling Gorgeous Steel Ball;Sleek Small;Kentucky;revolutionize radical;payment;wireless Tasty;Tasty Metal Pizza Avon Table;Strategist;Refined Guinea-Bissau;Toys;Arizona enable back-end;teal plug-and-play;holistic;e-business Djibouti Franc Solutions;green optimal Mississippi;Nebraska Web;back-end orange;real-time Adaptive;Borders;Serbia;dedicated;../fake-data/blob/hipster.png;image/png;../fake-data/blob/hipster.png;image/png;../fake-data/blob/hipster.png;image/png;../fake-data/blob/hipster.png;image/png;../fake-data/blob/hipster.png;image/png;../fake-data/blob/hipster.png;image/png;../fake-data/blob/hipster.png;image/png;../fake-data/blob/hipster.png;image/png
6;Chicken;Equatorial Guinea transmit e-business;bleeding-edge Cape;Checking Account ADP;wireless secured line;e-tailers Shoes;cultivate deploy;Central Algeria Lakes;Alabama;Web;redundant;Applications action-items;Analyst;Intranet New Taiwan Dollar;PCI Customer violet;Sports;Awesome Fresh Chips grey Generic;Locks Personal Loan Account;Dynamic out-of-the-box;Group New Mexico Representative;parse Grocery;seize Concrete;blue;visualize reinvent;transmit efficient;convergence International;Investment Account Nebraska;Personal Loan Account program Buckinghamshire;website Washington application;Practical Rubber Car;dynamic withdrawal;generate gold Taiwan;../fake-data/blob/hipster.png;image/png;../fake-data/blob/hipster.png;image/png;../fake-data/blob/hipster.png;image/png;../fake-data/blob/hipster.png;image/png;../fake-data/blob/hipster.png;image/png;../fake-data/blob/hipster.png;image/png;../fake-data/blob/hipster.png;image/png;../fake-data/blob/hipster.png;image/png
7;contextually-based Automotive Plastic;azure;THX;Ergonomic Fresh Bike Electronics;Nauru cohesive;networks Checking Account;paradigm;Cove;Unbranded;Automotive Shirt SSL;Outdoors Gourde US Dollar feed;Nauru;International interfaces;application Savings Account Awesome Metal Sausages;Awesome Plastic Pizza Triple-buffered Data;attitude;auxiliary;Plastic extensible Ergonomic;bandwidth Checking Account back up;Gorgeous Wooden Chair;Intelligent Wooden Bike Forward;needs-based Tonga Libyan Dinar;Pants solid state;client-driven Marketing;Berkshire Central African Republic Tuna;interfaces Belize Dollar Rubber;Mississippi;Canada Slovenia;Auto Loan Account Investment Account;web-enabled Louisiana;Borders encompassing;Garden;../fake-data/blob/hipster.png;image/png;../fake-data/blob/hipster.png;image/png;../fake-data/blob/hipster.png;image/png;../fake-data/blob/hipster.png;image/png;../fake-data/blob/hipster.png;image/png;../fake-data/blob/hipster.png;image/png;../fake-data/blob/hipster.png;image/png;../fake-data/blob/hipster.png;image/png
8;Fantastic Steel Cheese;Rest;Rubber PCI Accounts;generating;Interactions;help-desk mobile withdrawal;El Salvador Colon US Dollar Niue Fresh;Sleek;Multi-lateral Proactive Forges;Industrial Cambridgeshire programming;hard drive;generating;Legacy Licensed Metal Car;Concrete;Awesome Granite Fish Norfolk Island;Cambridgeshire;intermediate human-resource;Credit Card Account Sleek Concrete Pizza concept;Cambridgeshire;morph Keyboard;Product;Money Market Account deposit;functionalities Virginia;Crescent Down-sized Metal;payment;sticky overriding Principal;scalable;Planner teal;Tasty Fresh Chair Granite virtual;Tactics;JSON;collaboration Rhode Island;../fake-data/blob/hipster.png;image/png;../fake-data/blob/hipster.png;image/png;../fake-data/blob/hipster.png;image/png;../fake-data/blob/hipster.png;image/png;../fake-data/blob/hipster.png;image/png;../fake-data/blob/hipster.png;image/png;../fake-data/blob/hipster.png;image/png;../fake-data/blob/hipster.png;image/png
9;Analyst Borders hacking;Industrial Uganda Shilling teal;intranet;Open-source Ball Small;24/7 Plastic digital;Unbranded Fresh;Serbia pixel networks;Pizza red program;Grocery Accounts;connecting Soft maroon;Rustic Fresh Shoes Fish Burgs;action-items world-class;Hat ivory;EXE Tasty Fresh Sausages;white Micronesia;Garden;Macao initiative olive;De-engineered Berkshire;Chair middleware;Alabama;Sudanese Pound programming;magnetic;Libyan Dinar;Cotton Security;interface Advanced;clicks-and-mortar synthesize;compressing;ADP Home Strategist;primary Table quantifying;strategize Cotton;Borders Monitored open-source;harness Gorgeous;../fake-data/blob/hipster.png;image/png;../fake-data/blob/hipster.png;image/png;../fake-data/blob/hipster.png;image/png;../fake-data/blob/hipster.png;image/png;../fake-data/blob/hipster.png;image/png;../fake-data/blob/hipster.png;image/png;../fake-data/blob/hipster.png;image/png;../fake-data/blob/hipster.png;image/png
10;Enterprise-wide;Generic;THX CSS Florida;New Hampshire;Buckinghamshire;encoding;Salad;Small Applications;Tasty;Senior program;Table Borders syndicate;Arkansas revolutionize Mississippi;Soft interfaces;index Team-oriented;PCI Pa'anga;bluetooth Sri Lanka Rupee override;convergence high-level;Facilitator Customer revolutionize;Table Awesome Rubber Computer;navigate;standardization content-based;strategic;Reduced Soap;Brazilian Real multi-state;North Korean Won Beauty;Borders Industrial Garden;hack Engineer;JSON;Gorgeous Bacon payment;orange Customer-focused modular;Designer secondary Cheese;orchid;../fake-data/blob/hipster.png;image/png;../fake-data/blob/hipster.png;image/png;../fake-data/blob/hipster.png;image/png;../fake-data/blob/hipster.png;image/png;../fake-data/blob/hipster.png;image/png;../fake-data/blob/hipster.png;image/png;../fake-data/blob/hipster.png;image/png;../fake-data/blob/hipster.png;image/png
