id;titre_fr;titre_en;titre_ger;titre_sw;sous_titre_fr;sous_titre_en;sous_titre_ger;sous_titre_sw;titre_accordion_1_fr;titre_accordion_1_en;titre_accordion_1_gr;titre_accordion_1_sw;titre_accordion_2_fr;titre_accordion_2_en;titre_accordion_2_ger;titre_accordion_2_sw;titre_accordion_3_fr;titre_accordion_3_en;titre_accordion_3_ger;titre_accordion_3_sw;titre_accordion_4_fr;titre_accordion_4_en;titre_accordion_4_ger;titre_accordion_4_sw;titre_accordion_5_fr;titre_accordion_5_en;titre_accordion_5_ger;titre_accordion_5_sw;titre_accordion_6_fr;titre_accordion_6_en;titre_accordion_6_ger;titre_accordion_6_sw;titre_accordion_7_fr;titre_accordion_7_en;titre_accordion_7_ger;titre_accordion_7_sw;titre_accordion_8_fr;titre_accordion_8_en;titre_accordion_8_ger;titre_accordion_8_sw;titre_accordion_9_fr;titre_accordion_9_en;titre_accordion_9_ger;titre_accordion_9_sw;titre_accordion_10_fr;titre_accordion_10_en;titre_accordion_10_ger;titre_accordion_10_sw;text_accordion_1_fr;text_accordion_1_en;text_accordion_1_ger;text_accordion_1_sw;text_accordion_2_fr;text_accordion_2_en;text_accordion_2_ger;text_accordion_2_sw;text_accordion_3_fr;text_accordion_3_en;text_accordion_3_ger;text_accordion_3_sw;text_accordion_4_fr;text_accordion_4_en;text_accordion_4_ger;text_accordion_4_sw;text_accordion_5_fr;text_accordion_5_en;text_accordion_5_ger;text_accordion_5_sw;text_accordion_6_fr;text_accordion_6_en;text_accordion_6_ger;text_accordion_6_sw;text_accordion_7_fr;text_accordion_7_en;text_accordion_7_ger;text_accordion_7_sw;text_accordion_8_fr;text_accordion_8_en;text_accordion_8_ger;text_accordion_8_sw;text_accordion_9_fr;text_accordion_9_en;text_accordion_9_ger;text_accordion_9_sw;text_accordion_10_fr;text_accordion_10_en;text_accordion_10_ger;text_accordion_10_sw
1;Beauty;Tactics;Sleek Plastic Towels bypassing;hack;Manager Streamlined;Falkland Islands (Malvinas);revolutionary Tasty;Steel;maximized Web;Open-architected Bedfordshire;Dynamic 24 hour whiteboard;Streets Ergonomic Wooden Chair;indigo;impactful Lebanese Pound;Wooden solution Unbranded;Research Automotive systemic;Mobility;Product;Brand Direct;Tools connect;Executive South Carolina Cambridgeshire;Tokelau compelling;Avon efficient;Stravenue Baby;Regional Hat;circuit;synthesizing metrics;input;Burundi Reunion programming;Hat;Sausages Borders Car;withdrawal Money Market Account;Practical Saudi Arabia;lavender Soft collaborative;Agent;RAM Concrete synthesizing;calculate Supervisor grey;Investment Account Quality-focused protocol;framework Home Loan Account;Rubber open-source Orchestrator;eyeballs;transmit Configuration;Bedfordshire Sports;functionalities Outdoors driver;Assistant;Designer wireless Intranet;Small;HDD;Ergonomic Computer olive;Euro neural recontextualize;Research;HDD Personal Loan Account;SQL Toys Toys;Small Home Loan Account bypass;withdrawal bluetooth;payment Human feed;Ergonomic Gold maroon;Future-proofed Home Loan Account Hills;Investment Account Rubber;auxiliary Intranet;Agent;Small Metal Shoes Chief;Regional PCI SDD;Lead;auxiliary Home Loan Account asynchronous;orchestrate Towels transmitter;Bike;Liaison Engineer payment;Networked optical Planner;salmon bandwidth Central;Hollow Games;regional extend Sleek;Refined Cotton Mouse Communications Cambridgeshire;Automated;Bike;Solutions;system Intelligent;strategize Chips Angola;Ergonomic Cotton Cheese tangible Multi-channelled;Coordinator;lime Handcrafted Metal Chicken;Creative;Investment Account;solid state;protocol calculating deploy;Incredible Wisconsin technologies;productize CSS;Refined backing up compress
2;Refined Soft Bike;Aruba;quantify Belarus synthesize;program matrix Human;maximize;Proactive;Anguilla vortals;Bahamas Frozen Rue;interface Hills Front-line;local area network copying;Incredible Plastic Sausages Malaysia Licensed Soft Shoes;quantify Games;sensor;Wooden teal Manager;Facilitator River intangible;encoding Computer navigating;synergize web-enabled;Supervisor New Leu;6th generation;Investment Account;Uganda Configuration lime;Checking Account;Research Curve;mobile attitude-oriented Georgia;magenta Fresh green;clear-thinking architectures;Arkansas Bedfordshire Corporate;orange disintermediate;mobile SCSI Handmade Metal Tuna;Germany Wooden;sensor;Concrete Personal Loan Account bypassing;Money Market Account info-mediaries;Ball Response Extended;ADP payment Factors;Libyan Arab Jamahiriya Progressive;visualize Coordinator;Automated internet solution;Total paradigms Savings Account;blue back-end;Village Dominican Peso;haptic indexing end-to-end;Functionality;Salad Licensed;fresh-thinking violet Organic;Syrian Pound USB;Harbors invoice Metal;monitor;infrastructures Oklahoma Cheese;efficient fault-tolerant IB;Virtual Borders;deposit synthesize Unbranded Rubber Gloves;Consultant Wisconsin Regional;killer;Lock;card Estates Aruban Guilder;object-oriented Fish RAM;sensor;protocol Tools;Kentucky;Maldives Response help-desk;Avon distributed Credit Card Account;Metal Checking Account;e-tailers foreground;enhance;brand Regional silver;SSL;HTTP;paradigms;mobile;info-mediaries SQL Refined;Mississippi visionary collaborative;Technician;Cameroon Manager Awesome;white Chair overriding;Buckinghamshire New Zealand Dollar;Response Checking Account;SMS;payment;deliver;maroon;Money Market Account Fiji;maroon open system local area network;Rustic Frozen Gloves;Web extensible;Legacy;Toys;Avon interface
3;Baby;PNG port Loaf;invoice index Knolls;primary withdrawal;USB white Jewelery;matrices;interfaces product;infrastructures Utah hacking;Forest withdrawal Granite;transmitter;withdrawal empower;card vortals Zimbabwe;virtual;Corner;niches Grocery Fundamental;orange;Springs Handcrafted Soft Bacon;4th generation Avon Borders;auxiliary;Circles transmitting;clear-thinking;Wooden Course convergence;salmon Lebanese Pound;Savings Account;seamless Dynamic;Fresh;cyan;Handcrafted;Shores;Bedfordshire plum;navigating e-commerce Florida;haptic auxiliary;efficient clicks-and-mortar Identity;unleash card;Executive Mouse;invoice Frozen back up;Ball;mesh invoice Bedfordshire;frame Multi-tiered;Avon;Industrial Gorgeous Frozen Soap;SMS Auto Loan Account Fantastic;open architecture Isle;scalable;Director;fresh-thinking Liaison Dynamic;web-readiness Incredible Plastic Cheese Human;Awesome;Soap Visionary SAS;networks payment;Applications red Principal;Canada payment France;Frozen Analyst JBOD;migration unleash Granite;Sports;Future;action-items Analyst;functionalities;Games Saint Pierre and Miquelon Sleek;Lek Lek withdrawal;Garden user-facing;Metal Buckinghamshire Sleek;Yuan Renminbi;visionary optimizing solid state;Avon;Director synthesizing leverage;Home transmitter;dot-com program client-driven;human-resource invoice Mississippi;Incredible sky blue Buckinghamshire;customized web services hybrid;Cheese payment Customer;Shoes Savings Account;Universal Distributed Regional;recontextualize;Applications withdrawal;Streamlined Branding Louisiana;alarm digital connecting;Plain Division Pants;Shoes Visionary Investor;transmitting back up Tanzania;Sports Centers;parsing;aggregate Refined;Central Parks;Angola;compress;Wooden calculating
4;IB Applications;Berkshire Iranian Rial;withdrawal reboot;withdrawal action-items;Tools;Licensed Metal Shoes Florida;Tasty Granite Gloves Assurance;withdrawal Licensed Metal Keyboard capacitor;multi-byte transmitting SCSI;Cocos (Keeling) Islands Platinum SMS;program mint green index;bus Guarani viral;projection magnetic secondary;Bike Robust;gold Ameliorated Cambridgeshire;Awesome Steel Computer program;Personal Loan Account orchid Sweden;driver;Saint Barthelemy bypass Passage;Zloty sticky Granite;Books withdrawal generate;COM French Guiana Sleek;overriding;turquoise North Dakota;Bahamas;Orchard pricing structure ivory;leading-edge azure;magnetic;back up;synthesizing alarm;COM;Kids monitor Kuwaiti Dinar;calculating Avon transmit;ivory overriding;French Guiana;Toys Integrated experiences;Central silver;recontextualize;Agent;Personal Loan Account;Technician;virtual Chicken Incredible;United States Minor Outlying Islands flexibility Interactions;Inlet Borders;policy virtual;Refined;Congo GB;Ergonomic;digital;back-end Beauty Falls;Computer CSS end-to-end;asymmetric;Handmade Steel Gloves Montana Spain;envisioneer firmware Fantastic Concrete Shoes;Games;content Incredible Plastic Computer Knolls;SDD;withdrawal ability;Small;JSON;indigo Supervisor;synthesizing JBOD Associate;Administrator Licensed;Product virtual;Berkshire Saint Martin 6th generation;violet flexibility;Saudi Riyal ivory Granite;productivity Rue;Ergonomic;Home Practical Cotton Cheese;bricks-and-clicks Park;success Sausages partnerships;efficient;optical Rustic;Shirt Future-proofed;Savings Account;Mission benchmark parsing;SSL Officer;navigate e-markets Avon;Small deposit bypassing;channels;Product indexing Bulgaria;Berkshire New Mexico compress;envisioneer indexing;SCSI;SSL Home Loan Account;initiatives;Auto Loan Account Tools
5;platforms payment;Generic;Shoes budgetary management cohesive;Brand;Wyoming Iowa;Canyon driver;withdrawal Sports SDD;Kansas Pennsylvania;panel Corporate Marketing;Tajikistan Ergonomic TCP;engineer;recontextualize South Carolina;Kids Practical Frozen Tuna redundant;attitude-oriented indexing Configuration;hack Markets;orange;groupware Sleek;Cambridgeshire;Guinea Franc;generate Hong Kong Dollar Frozen;Strategist cyan;supply-chains protocol redundant;repurpose payment Lake;Money Market Account dedicated Home Loan Account;Square redundant Puerto Rico;auxiliary Operative;Plains orchid;Director bandwidth;connecting Serbia transmitter;Gloves Intranet Ohio;Handmade Investment Account hybrid;payment;application;bluetooth Computers;bi-directional;Arizona;Operations Borders;Quality-focused array;Facilitator;recontextualize Jewelery;PCI;input transmitting Shoes;Jewelery;cross-platform;Mill;Developer Dobra Holy See (Vatican City State);Colombian Peso Unidad de Valor Real;convergence;Guarani withdrawal Flats;streamline Steel;Cambridgeshire Gloves system;Distributed Small Plastic Cheese;Cuba;Incredible Metal Shirt;Borders payment;grow;User-friendly;bandwidth Kroon Savings Account;Expanded calculate;Small Fresh Computer Analyst Aruba;auxiliary Checking Account;SCSI;national calculate multi-byte;incubate Ergonomic Granite Shoes;Trinidad and Tobago Union;deliver;context-sensitive Principal application;plum Intelligent Metal Sausages wireless;mission-critical;bus system Division;Bond Markets Units European Composite Unit (EURCO) New Zealand needs-based;withdrawal;interface withdrawal auxiliary;Rubber;harness invoice backing up;sensor haptic generating;deposit South Dakota bypassing;Computers;program Bike;Pants;program firewall communities;Supervisor;haptic hard drive index;Infrastructure parsing Buckinghamshire;San Marino;Sleek Chile;Uzbekistan Sum transition;alarm
6;Generic partnerships;synergies Ergonomic;Chief Rustic Mountain;Sports;Practical Fresh Bike;calculate;Hawaii;Officer;Mouse;Dynamic;Pizza;Oklahoma Hat;bluetooth invoice;vertical;Brooks Rustic Cotton Fish;Gorgeous Soft Sausages;Granite;bypass;cross-platform Auto Loan Account Integrated;Nepalese Rupee;Orchestrator Licensed Rubber Bike Credit Card Account;Licensed Rubber Table Circle;Investment Account magenta Avon;plum;Prairie;mint green;Cambridgeshire;Wooden;Washington Rubber;Borders Future quantifying;interfaces heuristic Rustic Plastic Soap;Front-line Bedfordshire Corners;Wooden Wooden Louisiana;Legacy Horizontal;Product Plain payment;Grocery copying back up;Synergistic;Phased B2B Intelligent Soft Car;tan Bedfordshire Handcrafted;website;COM Generic;Fantastic;Tuna convergence;bluetooth Russian Ruble Horizontal;Anguilla cross-platform reinvent;Integration;integrate Micronesia red;Agent Division Manager;local;Incredible Steel Gloves networks Croatian Kuna;methodologies Frozen paradigm;copy parse;Rustic XML turquoise;Dynamic Agent Connecticut;Jersey deploy Incredible;GB reboot;connecting responsive Small Fresh Mouse;feed Seamless;Rustic Handcrafted;Avon;Computers;input Forge Ville;Berkshire;JSON transform;Investment Account;Gorgeous;Checking Account withdrawal;Auto Loan Account Personal Loan Account;Tools local area network;Berkshire National New Israeli Sheqel;info-mediaries withdrawal;Global Senior;USB Savings Account;Cambodia Facilitator Intranet;Automotive Functionality SSL;Kuwaiti Dinar end-to-end New Mexico;Avon integrated;Intranet Mouse Viaduct;invoice Massachusetts programming;THX Executive Compatible;Junctions Intelligent Frozen Bacon;Field bus Virtual;technologies;Plastic Directives Industrial;Burg Graphical User Interface;auxiliary Personal Loan Account niches;virtual Practical Small Fresh Soap;Pre-emptive
7;innovate;Rubber software Auto Loan Account;Representative parse;Lead Norway Rustic;Personal Loan Account Planner Cliffs;Fresh User-centric;Checking Account back-end;bypassing olive;Rustic Wooden Car;Connecticut input;Bedfordshire Health withdrawal;indexing Intelligent;fuchsia port Berkshire;invoice Soft architecture;hybrid Chair;RSS IB;Awesome help-desk collaboration;incremental navigating Implementation;structure Michigan Rhode Island;multi-byte infomediaries;driver calculating;Garden Gloves Frozen;installation hub Shoes;technologies circuit withdrawal;Computer redundant Licensed Concrete Keyboard;Manat plum bypass;Ecuador;Intelligent Rubber Chair Synergized;Checking Account recontextualize;wireless distributed;alarm Israel;Bike New Mexico compressing;Avon;Sausages Fish capacitor;Lead systemic Licensed;Avon Advanced Balanced;Bacon Vatu Cove;copying;Berkshire niches;invoice Open-source green;Hungary Ball deposit;Cambridgeshire Lilangeni bandwidth;Centralized Via Producer;Ireland Lebanon dedicated;Devolved fuchsia;override program Kids;Marketing Argentine Peso Nevada;virtual Towels Director;Expanded Home Loan Account Tasty Steel Chicken;bypassing;Regional redundant;Manager;Synergistic Team-oriented;experiences;core Credit Card Account;Sleek Steel Bacon Central;Buckinghamshire;Isle interfaces Borders;Avon;Refined Buckinghamshire Mobility;Administrator;Chicken;Integration bottom-line;Mauritius;Soap B2C reinvent;back-end Intuitive;Fresh facilitate protocol;grey Fantastic Incredible Fresh Shirt;Representative;Integrated Technician;virtual;New Taiwan Dollar;Buckinghamshire maroon revolutionary;Arizona Tala Buckinghamshire;Loaf;Salad Incredible;Mountains Cove;Chad Home Loan Account Dynamic;static disintermediate Ergonomic Fresh Towels;alarm California;National Integrated parsing;Movies Avon Rubber;interface Handcrafted;next generation Steel;e-tailers;Peso Uruguayo Uruguay Peso en Unidades Indexadas Regional backing up;Savings Account Awesome intermediate;revolutionary
8;withdrawal THX tan;architecture Program Gardens;Awesome Rubber Computer PCI extend;South Carolina North Carolina;Computers;Berkshire;Balboa US Dollar Trinidad and Tobago Dollar override;driver Street Ball;Manager pink;RAM orange Cambridgeshire;scalable product;Incredible Rubber Table;Ball;matrix e-markets;Village circuit auxiliary;channels;bandwidth vertical Gorgeous Wooden Soap;Panama Analyst port;cyan best-of-breed monitor;markets Money Market Account;Practical withdrawal;communities Dynamic;Rubber;Macao withdrawal pixel;Identity;invoice salmon;Buckinghamshire Customer;matrix;impactful object-oriented;Infrastructure;Spain Mexico Total;Communications;Berkshire;Health;synthesize Shoes Realigned;Steel;scalable;Beauty Ergonomic zero administration;Ergonomic Metal Car;Montserrat e-tailers;California;infomediaries superstructure;Handmade visionary strategy;Phased hardware;cyan;Plastic;Rhode Island Metal;purple;backing up web-readiness Soft;seize;enhance;Iceland Krona;violet;Central;Home;Consultant alarm scale;ivory;Health input Beauty;Cambridgeshire Books;Principal AGP withdrawal;calculating;Coordinator;Music Jersey;hybrid compressing Bedfordshire;Oval Minnesota Refined Fresh Fish;transmitting Automotive;tan Dynamic;payment Program;Global application;Plastic;Denar;explicit;evolve methodologies;National;Syrian Pound Palau;Handmade Concrete Bike;enhance;Unbranded Louisiana Pizza;parsing Personal Loan Account index;Berkshire Kentucky invoice;Small;salmon incubate Lake;Producer;Point;Implementation Usability Rufiyaa;Investment Account SQL;Tasty Steel Soap protocol Interactions;definition Leone architecture
9;Credit Card Account superstructure;Computer Arizona neural;bypassing;hack European Monetary Unit (E.M.U.-6);Intelligent;Universal;Avon Concrete;Games;Supervisor Tasty Frozen Pants;virtual generating;bluetooth Canada;grey orchid;whiteboard Intelligent Soft Shoes override;black Garden District;Handcrafted Soft Cheese Wooden;Chief Mountains;Small Soft Gloves Micronesia Texas;FTP;PNG Berkshire synergize;Supervisor;Incredible Plastic Tuna foreground Investment Account;Ergonomic Soft Chair calculating Specialist;Concrete infrastructures;Avon Auto Loan Account Executive;Dynamic Gorgeous Groves;XSS;recontextualize Strategist;next-generation;XML white Chad;recontextualize Azerbaijan;North Carolina;success Chicken Botswana;Cambridgeshire;Jewelery Hat;Quetzal Soft Inlet;Serbian Dinar Organized solid state;Gorgeous Rubber Shoes Island index;Bedfordshire;Refined Plastic Chicken Kenya;Music Centralized;Small Plastic Sausages;collaborative;Towels;web services Extensions;maximized;Steel Research;withdrawal South Dakota;quantify invoice;Forward France;Fiji Dollar;Dynamic Auto Loan Account Steel;deposit;implement Representative bypass;withdrawal Metal Shirt;violet capacitor;vertical Rhode Island;real-time;Quality Sleek SQL;Steel;systems;sensor;Awesome quantifying markets;haptic Peso Uruguayo Uruguay Peso en Unidades Indexadas;Fantastic Fresh Table bypassing;matrix Ball;Gloves Producer;Ohio Intranet;neural;Avon;Brand Tools;Fresh;Fresh;black;wireless virtual Administrator;Iranian Rial copy Marshall Islands;card Licensed Fresh Hat Intelligent;plum conglomeration;driver Associate transmitter;one-to-one;Jordanian Dinar GB;online;Automotive Direct Designer;Forks Re-contextualized;Divide;Personal Loan Account Nicaragua Credit Card Account;deposit;Assurance;Creative Borders
10;Berkshire;Sleek Wooden Computer contingency;optimal Gloves Bedfordshire;Mews;Assistant web-enabled;USB directional;Somoni;Islands;Personal Loan Account Dominica navigate;Iowa SQL;Savings Account integrate Handmade;web-readiness Small Fresh Sausages;embrace bluetooth olive;Intelligent Plastic Chair Isle;Bedfordshire customized;Chair Awesome Concrete Tuna multi-byte;withdrawal;Massachusetts;Kuwaiti Dinar Vermont;Key Avon Idaho;cutting-edge Investor;compressing;Place hard drive;Somalia Lane Texas;Optimized target Surinam Dollar;Sleek Soft Sausages Paradigm;Integration Bedfordshire clicks-and-mortar;synthesizing scalable salmon;invoice;back up Sports secondary;Auto Loan Account;Wooden high-level bandwidth;Russian Ruble enhance;Andorra ability Cotton;Producer national;Spurs;online Chips;Concrete blue Visionary;Auto Loan Account;front-end;Delaware Azerbaijanian Manat;index;attitude-oriented web-readiness;Technician interface innovate;Bahamian Dollar markets Buckinghamshire;payment Generic;copy;Villages Rubber recontextualize;Corner Bedfordshire Trail;Credit Card Account User-friendly;Facilitator implement streamline;monitor Personal Loan Account magenta;Shirt Bedfordshire;Borders Fresh Direct;Health impactful sexy;hacking maroon directional;synthesize;e-commerce;Implementation;generate Home Loan Account;applications Unbranded Fresh Computer;Ranch Liaison Cambridgeshire;Rupiah;Human facilitate calculating;tan Lead;Graphical User Interface Central violet;Producer;circuit;Money Market Account Bedfordshire;Books Lari Indian Rupee Ngultrum;Plastic withdrawal;New York quantifying;Incredible Plastic Tuna Connecticut;Agent;Jewelery;lavender;synergies;Frozen;Lithuanian Litas maximized;alarm;Estates Gorgeous Soft Chicken moderator;mindshare Markets;Future Outdoors alarm;deposit lavender Customer;Incredible Frozen Keyboard Dynamic;Concrete;Home Loan Account Sports;Shores Concrete sky blue
