id;titre_privacy_policy_en;titre_privacy_policy_ger;titre_privacy_policy_fr;titre_privacy_policy_sw;contenu_privacy_policy_en;contenu_privacy_policy_ger;contenu_privacy_policy_fr;contenu_privacy_policy_sw
1;Shirt;payment;sexy Ireland;Markets Assistant;Investor Administrator;Cross-platform parse;Money Market Account Sleek Plastic Mouse array;Borders transmit impactful
2;Concrete;SSL;Saint Helena Money Market Account Practical;Shoes Frozen Engineer;grey system;Secured Investment Account Pants;Avon Automotive Tasty;El Salvador Colon US Dollar Plastic
3;mesh Salad;payment;Movies Dynamic;Michigan Officer;Track Incredible North Korean Won;bluetooth;South Carolina;zero tolerance
4;hacking District;Intranet composite;synthesize Pakistan aggregate;reboot magenta;Frozen Avon Health;Bike Credit Card Account Baby;Ranch Personal Loan Account;Cotton efficient
5;Oregon Ferry Sports;Incredible Fresh Car cultivate;Human invoice orchid;Networked Bedfordshire withdrawal;Auto Loan Account Haven;1080p scale;Chicken Investment Account SDD;Incredible Steel Mouse Handmade
6;tan Route;Creative Rubber Handcrafted Rubber Chair;payment Branding;Dynamic;withdrawal Cambridgeshire program;Ouguiya copying;generating;online
7;Ports Home Loan Account;Table Fresh Executive;Administrator Peru Gloves;e-business European Unit of Account 17(E.U.A.-17) Sausages;Rustic Credit Card Account holistic;Practical Soft Chicken envisioneer;transmitting;Surinam Dollar incentivize Bedfordshire
8;synergies;incentivize;GB Berkshire multi-byte;Research Handmade Metal Shoes Mission;Intelligent;back up Chicken;morph Locks;Architect bluetooth Handcrafted
9;Small;invoice Engineer Principal;Cotton quantify Utah;withdrawal enhance;Borders;deliverables Cambridgeshire Jewelery;Beauty Idaho;Forks
10;Buckinghamshire Facilitator Kids;payment PCI Guinea;Solutions;Infrastructure fuchsia Utah;Tasty Money Market Account;Indian Rupee Chair;hack;contingency ROI Specialist
